lam,vic,adress,vic@lam.fr,0123456789
lam,vic,adress,vic@lam.fr,0123456789
lam,vic,adress,vic@lam.fr,0123456789
lam,vic,adress,vic@lam.fr,0123456789
lam,vic,adress,vic@lam.fr,0123456789
lam,vic,adress,vic@lam.fr,0123456789
lam,vic,adress,vic@lam.fr,0123456789
lam,vic,adress,vic@lam.fr,0123456789
lam,vic,adress,vic@lam.fr,0123456789
lam,vic,adress,vic@lam.fr,0123456789
lam,vic,adress,vic@lam.fr,0123456789
lam,vic,adress,vic@lam.fr,0123456789
lam,vic,adress,vic@lam.fr,0123456789
lam,vic,adress,vic@lam.fr,0123456789
lam,vic,adress,vic@lam.fr,0123456789
lam,vic,adress,vic@lam.fr,0123456789
lam,vic,adress,vic@lam.fr,0123456789
lam,vic,adress,vic@lam.fr,0123456789
lam,vic,adress,vic@lam.fr,0123456789
lam,vic,adress,vic@lam.fr,0123456789
lam,vic,adress,vic@lam.fr,0123456789
lam,vic,adress,vic@lam.fr,0123456789
